{
  "id": "AggregatedMeasurementsDto",
  "type": "object",
  "properties": {
    "time": {
      "type": "string",
      "format": "date-time"
    },
    "measurements": {
      "type": "object",
      "additionalProperties": {
        "type": "object",
        "properties": {
          "value": {
            "type": "number",
            "format": "double"
          },
          "attentionLevel": {
            "type": "string",
            "enum": [
              "CRITICAL",
              "MIDDLE",
              "LOW"
            ]
          },
          "isNew": {
            "type": "boolean"
          },
          "alertMessage": {
            "type": "string"
          },
          "createdAt": {
            "type": "string",
            "format": "date-time"
          }
        }
      }
    },
    "callRequired": {
      "type": "boolean"
    },
    "resolutionMessage": {
      "type": "string"
    },
    "comment": {
      "type": "string"
    }
  },
  "additionalProperties": false,
  "required": [
    "time",
    "measurements",
    "callRequired",
    "resolutionMessage",
    "comment"
  ]
}