{
  "id": "AlertDto",
  "type": "object",
  "properties": {
    "id": {
      "type": "string"
    },
    "patientId": {
      "type": "string"
    },
    "doctorId": {
      "type": "string"
    },
    "openComment": {
      "type": "string"
    },
    "createdAt": {
      "type": "string",
      "format": "date-time"
    },
    "closedAt": {
      "type": "string",
      "format": "date-time"
    },
    "alertLevel": {
      "type": "string",
      "enum": [
        "CRITICAL",
        "MIDDLE",
        "LOW"
      ]
    },
    "alertStatus": {
      "type": "string",
      "enum": [
        "ACTIVE",
        "CLOSED"
      ]
    },
    "urlForCall": {
      "type": "string"
    },
    "resolutionMessage": {
      "type": "string",
      "enum": [
        "AMBULANCE_CALLED",
        "DOCTORS_VISIT_SCHEDULED",
        "EXERCISING",
        "MEDICATION_PROSCRIBED",
        "FALSE_ALARM",
        "AUTO_CLOSED_WITHOUT_RESOLUTION"
      ]
    },
    "closedComment": {
      "type": "string"
    },
    "alertSource": {
      "type": "string"
    }
  },
  "additionalProperties": false,
  "required": [
    "id",
    "patientId",
    "doctorId",
    "openComment",
    "createdAt",
    "closedAt",
    "alertLevel",
    "alertStatus",
    "urlForCall",
    "resolutionMessage",
    "closedComment",
    "alertSource"
  ]
}