{
  "id": "AppointmentDto",
  "required": [
    "patient",
    "doctor",
    "trial",
    "id",
    "subject",
    "reason",
    "studyId",
    "status",
    "communicationType",
    "startTime",
    "endTime",
    "connectIds",
    "observation",
    "result",
    "timeSlots",
    "checkList",
    "futureAppointmentId"
  ],
  "type": "object",
  "properties": {
    "patient": {
      "required": [
        "subjectId"
      ],
      "type": "object",
      "properties": {
        "subjectId": {
          "type": "string"
        },
        "id": {
          "type": "string"
        },
        "name": {
          "type": "string"
        }
      }
    },
    "doctor": {
      "type": "object",
      "properties": {
        "id": {
          "type": "string"
        },
        "name": {
          "type": "string"
        }
      }
    },
    "trial": {
      "required": [
        "code",
        "id"
      ],
      "type": "object",
      "properties": {
        "id": {
          "type": "string"
        },
        "title": {
          "type": "string"
        },
        "code": {
          "type": "string"
        }
      }
    },
    "id": {
      "type": "string"
    },
    "subject": {
      "type": "string"
    },
    "reason": {
      "type": "string"
    },
    "studyId": {
      "type": "string"
    },
    "status": {
      "type": "string",
      "enum": [
        "PARTIAL_SCHEDULED",
        "SCHEDULED",
        "CANCELLED",
        "COMPLETED",
        "MISSED",
        "RESCHEDULED",
        "PARTIAL_SCHEDULED_RESCHEDULED"
      ]
    },
    "communicationType": {
      "type": "string",
      "enum": [
        "IN_PERSON",
        "VIDEO",
        "PHONE",
        "AS_DEFINED_BY_DOCTOR"
      ]
    },
    "startTime": {
      "type": "string",
      "format": "date-time"
    },
    "endTime": {
      "type": "string",
      "format": "date-time"
    },
    "connectIds": {
      "type": "object",
      "additionalProperties": {
        "type": "string"
      }
    },
    "observation": {
      "type": "string"
    },
    "result": {
      "type": "string"
    },
    "timeSlots": {
      "type": "array",
      "items": {
        "type": "object",
        "properties": {
          "startTime": {
            "type": "string",
            "format": "date-time"
          },
          "endTime": {
            "type": "string",
            "format": "date-time"
          }
        }
      }
    },
    "checkList": {
      "type": "object",
      "properties": {
        "id": {
          "type": "string"
        },
        "description": {
          "type": "string"
        },
        "status": {
          "type": "string",
          "enum": [
            "NOT_ACTIVATED",
            "ACTIVATED",
            "COMPLETED"
          ]
        },
        "activatedTime": {
          "type": "string",
          "format": "date-time"
        },
        "completedTime": {
          "type": "string",
          "format": "date-time"
        },
        "items": {
          "type": "array",
          "items": {
            "required": [
              "id",
              "title"
            ],
            "type": "object",
            "properties": {
              "id": {
                "type": "string"
              },
              "title": {
                "type": "string"
              },
              "description": {
                "type": "string"
              },
              "completed": {
                "type": "boolean"
              },
              "completionTime": {
                "type": "string",
                "format": "date-time"
              }
            }
          }
        }
      }
    },
    "futureAppointmentId": {
      "type": "string"
    }
  },
  "additionalProperties": false
}