{
  "0": {
    "name": "page",
    "in": "query",
    "description": "Zero-based page index (0..N)",
    "schema": {
      "type": "integer",
      "default": "0"
    }
  },
  "1": {
    "name": "size",
    "in": "query",
    "description": "The size of the page to be returned",
    "schema": {
      "type": "integer",
      "default": 10
    }
  },
  "2": {
    "name": "sort",
    "in": "query",
    "description": "Sorting criteria in the format: property(,asc|desc). Default sort order is ascending. Multiple sort criteria are supported.",
    "schema": {
      "type": "array",
      "items": {
        "type": "string"
      }
    }
  },
  "id": "AppPatientSearchQuery",
  "additionalProperties": false
}