{
  "id": "AppointmentSearchRequestDto",
  "type": "object",
  "properties": {
    "statuses": {
      "type": "array",
      "description": "Filter appointments by its statuses",
      "items": {
        "type": "string",
        "description": "Filter appointments by its statuses",
        "enum": [
          "PARTIAL_SCHEDULED",
          "SCHEDULED",
          "CANCELLED",
          "COMPLETED",
          "MISSED",
          "RESCHEDULED",
          "PARTIAL_SCHEDULED_RESCHEDULED"
        ]
      }
    },
    "startTimeMin": {
      "type": "string",
      "format": "date-time"
    },
    "startTimeMax": {
      "type": "string",
      "format": "date-time"
    },
    "endTimeMin": {
      "type": "string",
      "format": "date-time"
    },
    "endTimeMax": {
      "type": "string",
      "format": "date-time"
    },
    "doctorId": {
      "type": "string",
      "description": "Filter appointments by specified doctor. If it's null and search is called on behalf of a doctor then the currently logged in doctor will be used",
      "format": "uuid"
    },
    "patientId": {
      "type": "string",
      "description": "Filter appointments by specified patient. If it's null and search is called on behalf of a patient then the currently logged in patient will be used",
      "format": "uuid"
    }
  },
  "additionalProperties": false,
  "required": [
    "statuses",
    "startTimeMin",
    "startTimeMax",
    "endTimeMin",
    "endTimeMax",
    "doctorId",
    "patientId"
  ]
}