{
  "id": "CertificateDto",
  "type": "object",
  "properties": {
    "id": {
      "type": "string"
    },
    "privateKey": {
      "type": "string"
    },
    "publicKey": {
      "type": "string"
    },
    "certificateId": {
      "type": "string"
    },
    "certificateArn": {
      "type": "string"
    },
    "pem": {
      "type": "string"
    },
    "deviceName": {
      "type": "string"
    },
    "policyName": {
      "type": "string"
    }
  },
  "additionalProperties": false,
  "required": [
    "id",
    "privateKey",
    "publicKey",
    "certificateId",
    "certificateArn",
    "pem",
    "deviceName",
    "policyName"
  ]
}