{
  "id": "CheckListDto",
  "type": "object",
  "properties": {
    "id": {
      "type": "string"
    },
    "description": {
      "type": "string"
    },
    "status": {
      "type": "string",
      "enum": [
        "NOT_ACTIVATED",
        "ACTIVATED",
        "COMPLETED"
      ]
    },
    "activatedTime": {
      "type": "string",
      "format": "date-time"
    },
    "completedTime": {
      "type": "string",
      "format": "date-time"
    },
    "items": {
      "type": "array",
      "items": {
        "required": [
          "id",
          "title"
        ],
        "type": "object",
        "properties": {
          "id": {
            "type": "string"
          },
          "title": {
            "type": "string"
          },
          "description": {
            "type": "string"
          },
          "completed": {
            "type": "boolean"
          },
          "completionTime": {
            "type": "string",
            "format": "date-time"
          }
        }
      }
    }
  },
  "additionalProperties": false,
  "required": [
    "id",
    "description",
    "status",
    "activatedTime",
    "completedTime",
    "items"
  ]
}