{
  "id": "FutureAppointmentDto",
  "required": [
    "id",
    "description",
    "rescheduleReason",
    "title",
    "type",
    "status",
    "startAt",
    "endAt",
    "createdBy",
    "lastModifiedBy",
    "createdDate",
    "lastModifiedDate",
    "patient",
    "doctor",
    "trialCalendar",
    "trialId",
    "trialCode",
    "appointmentCommunicationType"
  ],
  "type": "object",
  "properties": {
    "id": {
      "type": "string"
    },
    "description": {
      "type": "string"
    },
    "rescheduleReason": {
      "type": "string"
    },
    "title": {
      "type": "string"
    },
    "type": {
      "type": "string",
      "enum": [
        "PATIENT_NEW",
        "RESCHEDULE_ADHOC",
        "TRIAL_REGULAR"
      ]
    },
    "status": {
      "type": "string",
      "enum": [
        "NEW",
        "PROCESSED",
        "RESCHEDULED",
        "DECLINED"
      ]
    },
    "startAt": {
      "type": "string",
      "format": "date"
    },
    "endAt": {
      "type": "string",
      "format": "date"
    },
    "createdBy": {
      "type": "string"
    },
    "lastModifiedBy": {
      "type": "string"
    },
    "createdDate": {
      "type": "string",
      "format": "date-time"
    },
    "lastModifiedDate": {
      "type": "string",
      "format": "date-time"
    },
    "patient": {
      "required": [
        "subjectId"
      ],
      "type": "object",
      "properties": {
        "subjectId": {
          "type": "string"
        },
        "id": {
          "type": "string"
        },
        "name": {
          "type": "string"
        }
      }
    },
    "doctor": {
      "type": "object",
      "properties": {
        "id": {
          "type": "string"
        },
        "name": {
          "type": "string"
        }
      }
    },
    "trialCalendar": {
      "type": "object",
      "properties": {
        "id": {
          "type": "string"
        },
        "eventType": {
          "type": "string",
          "enum": [
            "APPOINTMENT",
            "PRO",
            "SURVEY",
            "DIARY",
            "SAMPLE_COLLECTION",
            "PROCEDURE",
            "MEDICATION"
          ]
        },
        "title": {
          "type": "string"
        },
        "description": {
          "type": "string"
        },
        "startDay": {
          "type": "integer",
          "format": "int32"
        },
        "endDay": {
          "type": "integer",
          "format": "int32"
        },
        "targetDay": {
          "type": "integer",
          "format": "int32"
        },
        "trial": {
          "required": [
            "code",
            "id"
          ],
          "type": "object",
          "properties": {
            "id": {
              "type": "string"
            },
            "title": {
              "type": "string"
            },
            "code": {
              "type": "string"
            }
          }
        },
        "checkList": {
          "type": "object",
          "properties": {
            "id": {
              "type": "string"
            },
            "description": {
              "type": "string"
            },
            "status": {
              "type": "string",
              "enum": [
                "NOT_ACTIVATED",
                "ACTIVATED",
                "COMPLETED"
              ]
            },
            "activatedTime": {
              "type": "string",
              "format": "date-time"
            },
            "completedTime": {
              "type": "string",
              "format": "date-time"
            },
            "items": {
              "type": "array",
              "items": {
                "required": [
                  "id",
                  "title"
                ],
                "type": "object",
                "properties": {
                  "id": {
                    "type": "string"
                  },
                  "title": {
                    "type": "string"
                  },
                  "description": {
                    "type": "string"
                  },
                  "completed": {
                    "type": "boolean"
                  },
                  "completionTime": {
                    "type": "string",
                    "format": "date-time"
                  }
                }
              }
            }
          }
        },
        "communicationType": {
          "type": "string",
          "enum": [
            "IN_PERSON",
            "VIDEO",
            "PHONE",
            "AS_DEFINED_BY_DOCTOR"
          ]
        },
        "studyEventId": {
          "type": "string"
        }
      }
    },
    "trialId": {
      "type": "string"
    },
    "trialCode": {
      "type": "string"
    },
    "appointmentCommunicationType": {
      "type": "string",
      "enum": [
        "IN_PERSON",
        "VIDEO",
        "PHONE",
        "AS_DEFINED_BY_DOCTOR"
      ]
    }
  },
  "additionalProperties": false
}