{
  "id": "MeasurementElementDto",
  "type": "object",
  "properties": {
    "value": {
      "type": "number",
      "format": "double"
    },
    "attentionLevel": {
      "type": "string",
      "enum": [
        "CRITICAL",
        "MIDDLE",
        "LOW"
      ]
    },
    "isNew": {
      "type": "boolean"
    },
    "alertMessage": {
      "type": "string"
    },
    "createdAt": {
      "type": "string",
      "format": "date-time"
    }
  },
  "additionalProperties": false,
  "required": [
    "value",
    "attentionLevel",
    "isNew",
    "alertMessage",
    "createdAt"
  ]
}