{
  "id": "MetricsRequestDto",
  "required": [
    "metric",
    "value",
    "sessionId",
    "pageId",
    "pageType",
    "deviceType",
    "operationSystem",
    "operationSystemVersion",
    "browser",
    "browserVersion"
  ],
  "type": "object",
  "properties": {
    "metric": {
      "type": "string",
      "enum": [
        "IDLE_TIME",
        "SESSION_TIME",
        "PAGE_SPEND_TIME"
      ]
    },
    "value": {
      "type": "integer",
      "format": "int32"
    },
    "sessionId": {
      "type": "string"
    },
    "pageId": {
      "type": "string"
    },
    "pageType": {
      "type": "string"
    },
    "deviceType": {
      "type": "string",
      "enum": [
        "PHONE",
        "DESKTOP",
        "TABLET"
      ]
    },
    "operationSystem": {
      "type": "string"
    },
    "operationSystemVersion": {
      "type": "string"
    },
    "browser": {
      "type": "string"
    },
    "browserVersion": {
      "type": "string"
    }
  },
  "additionalProperties": false
}