{
  "id": "NotificationDto",
  "type": "object",
  "properties": {
    "id": {
      "type": "string"
    },
    "targetUserId": {
      "type": "string"
    },
    "sourceUserId": {
      "type": "string"
    },
    "notificationType": {
      "type": "string",
      "enum": [
        "ALERT",
        "FUTURE_APPOINTMENT",
        "APPOINTMENT",
        "REMINDER",
        "CALL_REQUEST",
        "SURVEY",
        "PATIENT_STUDY",
        "HCP_STUDY",
        "WITHDRAWAL"
      ]
    },
    "originId": {
      "type": "string"
    },
    "origin": {
      "type": "object"
    },
    "createdAt": {
      "type": "string",
      "format": "date-time"
    },
    "viewedAt": {
      "type": "string",
      "format": "date-time"
    },
    "notificationStatus": {
      "type": "string",
      "enum": [
        "NEW",
        "VIEWED"
      ]
    },
    "description": {
      "type": "string"
    }
  },
  "additionalProperties": false,
  "required": [
    "id",
    "targetUserId",
    "sourceUserId",
    "notificationType",
    "originId",
    "origin",
    "createdAt",
    "viewedAt",
    "notificationStatus",
    "description"
  ]
}