{
  "id": "NotificationPageDto",
  "type": "object",
  "properties": {
    "totalElements": {
      "type": "integer",
      "format": "int64"
    },
    "totalPages": {
      "type": "integer",
      "format": "int32"
    },
    "number": {
      "type": "integer",
      "format": "int32"
    },
    "size": {
      "type": "integer",
      "format": "int32"
    },
    "content": {
      "type": "array",
      "items": {
        "type": "object",
        "properties": {
          "id": {
            "type": "string"
          },
          "targetUserId": {
            "type": "string"
          },
          "sourceUserId": {
            "type": "string"
          },
          "notificationType": {
            "type": "string",
            "enum": [
              "ALERT",
              "FUTURE_APPOINTMENT",
              "APPOINTMENT",
              "REMINDER",
              "CALL_REQUEST",
              "SURVEY",
              "PATIENT_STUDY",
              "HCP_STUDY",
              "WITHDRAWAL"
            ]
          },
          "originId": {
            "type": "string"
          },
          "origin": {
            "type": "object"
          },
          "createdAt": {
            "type": "string",
            "format": "date-time"
          },
          "viewedAt": {
            "type": "string",
            "format": "date-time"
          },
          "notificationStatus": {
            "type": "string",
            "enum": [
              "NEW",
              "VIEWED"
            ]
          },
          "description": {
            "type": "string"
          }
        }
      }
    }
  },
  "additionalProperties": false,
  "required": [
    "totalElements",
    "totalPages",
    "number",
    "size",
    "content"
  ]
}