{
  "id": "ProfileConfig",
  "type": "object",
  "properties": {
    "id": {
      "type": "string"
    },
    "name": {
      "type": "string"
    },
    "username": {
      "type": "string"
    },
    "roles": {
      "type": "array",
      "items": {
        "type": "string"
      }
    },
    "permissions": {
      "type": "array",
      "items": {
        "type": "string",
        "enum": [
          "VIEW_SUBJECT_ACCOUNT",
          "MANAGE_SUBJECT_ACCOUNT",
          "VIEW_HCP_ACCOUNT",
          "MANAGE_HCP_ACCOUNT",
          "WEB_APP_ACCESS",
          "VIEW_ALL_SITES",
          "VIEW_PATIENT_LIST",
          "VIEW_PII",
          "VIEW_WEARABLE_DATA",
          "VIEW_PATIENT_DEMOGRAPHIC",
          "VIEW_PATIENT_ALERTS",
          "RESOLVE_PATIENT_ALERTS",
          "VIEW_CALL_REQUESTS",
          "VIEW_CALL_REQUEST_ON_DASHBOARD",
          "RESOLVE_CALL_REQUEST",
          "CALL_PATIENT_BY_PHONE",
          "COMPLETE_STUDY_FOR_SUBJECT",
          "VIEW_WITHDRAWAL_REQUEST",
          "VIEW_TRIAL_INFO",
          "VIEW_DOCTOR_CALENDAR",
          "SCHEDULE_APPOINTMENT",
          "VIEW_APPOINTMENT_REQUEST",
          "DECLINE_APPOINTMENT_REQUEST",
          "CANCEL_APPOINTMENT",
          "VIEW_UPCOMING_APPOINTMENT",
          "MANAGE_DOCTOR_WORKING_HOURS",
          "MANAGE_AVAILABLE_TIMESLOTS",
          "START_VIRTUAL_VISIT",
          "MARK_VIRTUAL_VISIT_AS_COMPLETED",
          "VIEW_HCP_SURVEYS",
          "VIEW_SUBJECT_SURVEYS",
          "COMPLETE_HCP_SURVEYS",
          "VIEW_PATIENT_CALENDAR",
          "CREATE_APPOINTMENT_REQUEST",
          "CHOOSE_TIME_SLOT_FOR_APPOINTMENT",
          "CHANGE_APPOINTMENT_CALL_TYPE",
          "TAKE_PATIENT_NOTES",
          "RECORD_VIRTUAL_VISIT",
          "VIEW_PATIENT_NOTES",
          "REQUEST_CALL",
          "REQUEST_WITHDRAWAL",
          "VIEW_EXIT_INSTRUCTIONS",
          "COMPLETE_QUESTIONNAIRES"
        ]
      }
    },
    "profileMeasurementsConfiguration": {
      "type": "object",
      "properties": {
        "unitSystem": {
          "type": "string"
        },
        "measurementPrecisions": {
          "type": "object",
          "additionalProperties": {
            "type": "integer",
            "format": "int64"
          }
        }
      }
    },
    "siteName": {
      "type": "string"
    },
    "timezone": {
      "type": "object",
      "properties": {
        "raw": {
          "type": "string"
        },
        "iana": {
          "type": "string"
        },
        "abbreviation": {
          "type": "string"
        }
      }
    }
  },
  "additionalProperties": false,
  "required": [
    "id",
    "name",
    "username",
    "roles",
    "permissions",
    "profileMeasurementsConfiguration",
    "siteName",
    "timezone"
  ]
}