{
  "id": "RatingDto",
  "type": "object",
  "allOf": [
    {
      "type": "object",
      "properties": {
        "id": {
          "type": "string"
        },
        "type": {
          "type": "string"
        },
        "name": {
          "type": "string"
        },
        "title": {
          "type": "string"
        },
        "titleLocation": {
          "type": "string"
        },
        "hideNumber": {
          "type": "boolean"
        },
        "valueName": {
          "type": "string"
        },
        "defaultValue": {
          "type": "string"
        }
      },
      "discriminator": {
        "propertyName": "type"
      }
    },
    {
      "type": "object",
      "properties": {
        "rateValues": {
          "type": "array",
          "items": {
            "type": "object",
            "properties": {
              "value": {
                "type": "string"
              },
              "text": {
                "type": "string"
              }
            }
          }
        }
      }
    }
  ],
  "additionalProperties": false
}