{
  "id": "SurveyDto",
  "required": [
    "id",
    "surveyTemplate",
    "surveyChoices",
    "createdAt",
    "lastUpdatedAt",
    "userId",
    "isCompleted",
    "completed"
  ],
  "type": "object",
  "properties": {
    "id": {
      "type": "string",
      "format": "uuid"
    },
    "surveyTemplate": {
      "type": "object",
      "properties": {
        "id": {
          "type": "string",
          "format": "uuid"
        },
        "code": {
          "type": "string"
        },
        "title": {
          "type": "string"
        },
        "description": {
          "type": "string"
        },
        "type": {
          "type": "string",
          "enum": [
            "PATIENT_EXIT_SURVEY",
            "PATIENT_WITHDRAW_SURVEY",
            "POST_VISIT_SURVEY",
            "DOCTOR_EXIT_SURVEY",
            "SYNC_OURA_RING_REGULAR",
            "SYNC_OURA_RING_5DAYS"
          ]
        },
        "model": {
          "type": "object",
          "properties": {
            "name": {
              "type": "string"
            },
            "title": {
              "type": "string"
            },
            "description": {
              "type": "string"
            },
            "pages": {
              "type": "array",
              "items": {
                "type": "object",
                "properties": {
                  "elements": {
                    "type": "array",
                    "items": {
                      "type": "object",
                      "properties": {
                        "id": {
                          "type": "string"
                        },
                        "type": {
                          "type": "string"
                        },
                        "name": {
                          "type": "string"
                        },
                        "title": {
                          "type": "string"
                        },
                        "titleLocation": {
                          "type": "string"
                        },
                        "hideNumber": {
                          "type": "boolean"
                        },
                        "content": {
                          "type": "string"
                        },
                        "imageSource": {
                          "type": "string"
                        },
                        "display": {
                          "type": "boolean"
                        },
                        "elements": {
                          "type": "array",
                          "items": {
                            "oneOf": [
                              {
                                "type": "object",
                                "allOf": [
                                  {
                                    "type": "object",
                                    "properties": {
                                      "id": {
                                        "type": "string"
                                      },
                                      "type": {
                                        "type": "string"
                                      },
                                      "name": {
                                        "type": "string"
                                      },
                                      "title": {
                                        "type": "string"
                                      },
                                      "titleLocation": {
                                        "type": "string"
                                      },
                                      "hideNumber": {
                                        "type": "boolean"
                                      },
                                      "valueName": {
                                        "type": "string"
                                      },
                                      "defaultValue": {
                                        "type": "string"
                                      }
                                    },
                                    "discriminator": {
                                      "propertyName": "type"
                                    }
                                  },
                                  {
                                    "type": "object",
                                    "properties": {
                                      "choices": {
                                        "type": "array",
                                        "items": {
                                          "type": "object",
                                          "properties": {
                                            "value": {
                                              "type": "string"
                                            },
                                            "text": {
                                              "type": "string"
                                            }
                                          }
                                        }
                                      }
                                    }
                                  }
                                ]
                              },
                              {
                                "type": "object",
                                "allOf": [
                                  {
                                    "type": "object",
                                    "properties": {
                                      "id": {
                                        "type": "string"
                                      },
                                      "type": {
                                        "type": "string"
                                      },
                                      "name": {
                                        "type": "string"
                                      },
                                      "title": {
                                        "type": "string"
                                      },
                                      "titleLocation": {
                                        "type": "string"
                                      },
                                      "hideNumber": {
                                        "type": "boolean"
                                      },
                                      "valueName": {
                                        "type": "string"
                                      },
                                      "defaultValue": {
                                        "type": "string"
                                      }
                                    },
                                    "discriminator": {
                                      "propertyName": "type"
                                    }
                                  },
                                  {
                                    "type": "object",
                                    "properties": {
                                      "rateValues": {
                                        "type": "array",
                                        "items": {
                                          "type": "object",
                                          "properties": {
                                            "value": {
                                              "type": "string"
                                            },
                                            "text": {
                                              "type": "string"
                                            }
                                          }
                                        }
                                      }
                                    }
                                  }
                                ]
                              }
                            ]
                          }
                        }
                      }
                    }
                  }
                }
              }
            }
          }
        },
        "trialId": {
          "type": "string"
        }
      }
    },
    "surveyChoices": {
      "type": "array",
      "items": {
        "type": "object",
        "properties": {
          "question": {
            "type": "string"
          },
          "answer": {
            "type": "array",
            "items": {
              "type": "string"
            }
          }
        }
      }
    },
    "createdAt": {
      "type": "string",
      "format": "date-time"
    },
    "lastUpdatedAt": {
      "type": "string",
      "format": "date-time"
    },
    "userId": {
      "type": "string"
    },
    "isCompleted": {
      "type": "boolean",
      "writeOnly": true
    },
    "completed": {
      "type": "boolean"
    }
  },
  "additionalProperties": false
}