{
  "id": "SurveyModelDto",
  "required": [
    "name",
    "title",
    "description",
    "pages"
  ],
  "type": "object",
  "properties": {
    "name": {
      "type": "string"
    },
    "title": {
      "type": "string"
    },
    "description": {
      "type": "string"
    },
    "pages": {
      "type": "array",
      "items": {
        "type": "object",
        "properties": {
          "elements": {
            "type": "array",
            "items": {
              "type": "object",
              "properties": {
                "type": {
                  "type": "string",
                  "enum": ["panel"]
                },
                "name": {
                  "type": "string"
                },
                "title": {
                  "type": "string"
                },
                "content": {
                  "type": "string"
                },
                "imageSource": {
                  "type": "string"
                },
                "hideNumber": {
                  "type": "boolean"
                },
                "elements": {
                  "type": "array",
                  "items": {
                    "type": "object",
                    "properties": {
                      "type": {
                        "type": "string",
                        "enum": ["rating", "checkbox"]
                      },
                      "name": {
                        "type": "string"
                      },
                      "title": {
                        "type": "string"
                      },
                      "titleLocation": {
                        "type": "string"
                      },
                      "hideNumber": {
                        "type": "boolean"
                      },
                      "valueName": {
                        "type": "string"
                      },
                      "defaultValue": {
                        "type": "string"
                      },
                      "rateValues": {
                        "type": "array",
                        "items": {
                          "type": "object",
                          "properties": {
                            "value": {
                              "type": "string"
                            },
                            "text": {
                              "type": "string"
                            }
                          },
                          "required": [
                            "text",
                            "value"
                          ]
                        }
                      },
                      "choices": {
                        "type": "array",
                        "items": {
                          "type": "object",
                          "properties": {
                            "value": {
                              "type": "string"
                            },
                            "text": {
                              "type": "string"
                            }
                          },
                          "required": [
                            "text",
                            "value"
                          ],
                          "title": "Choice"
                        }
                      }
                    },
                    "required": [
                      "title",
                      "type"
                    ]
                  }
                }
              },
              "required": [
                "content",
                "elements",
                "imageSource",
                "title",
                "type"
              ]
            }
          }
        },
        "required": [
          "elements"
        ]
      }
    }
  }
}
