{
  "id": "ToDoDto",
  "type": "object",
  "properties": {
    "id": {
      "type": "string"
    },
    "trialId": {
      "type": "string"
    },
    "when": {
      "type": "string",
      "format": "date-time"
    },
    "state": {
      "type": "string",
      "enum": [
        "PLANNED",
        "EXPIRED",
        "DONE"
      ]
    },
    "what": {
      "type": "string"
    },
    "type": {
      "type": "string",
      "enum": [
        "ACTIVITY",
        "MEDICATION",
        "SURVEY",
        "TRIAL",
        "STANDARD_CARE",
        "NONE",
        "APPOINTMENT",
        "WITHDRAWAL",
        "SYNC_OURA_RING_REGULAR",
        "SYNC_OURA_RING_IRREGULAR",
        "PATIENT_EXIT_SURVEY",
        "PATIENT_WITHDRAW_SURVEY",
        "DOCTOR_EXIT_SURVEY",
        "POST_VISIT_SURVEY"
      ]
    }
  },
  "additionalProperties": false,
  "required": [
    "id",
    "trialId",
    "when",
    "state",
    "what",
    "type"
  ]
}