{
  "id": "TrialContactDto",
  "type": "object",
  "properties": {
    "id": {
      "type": "string"
    },
    "contactTitle": {
      "type": "string"
    },
    "contactName": {
      "type": "string"
    },
    "phoneNumber": {
      "type": "string"
    },
    "description": {
      "type": "string"
    },
    "contactAvailableTimeSlots": {
      "type": "array",
      "items": {
        "type": "object",
        "properties": {
          "start": {
            "type": "string"
          },
          "end": {
            "type": "string"
          }
        }
      }
    },
    "contactTimeZone": {
      "type": "object",
      "properties": {
        "raw": {
          "type": "string"
        },
        "iana": {
          "type": "string"
        },
        "abbreviation": {
          "type": "string"
        }
      }
    },
    "lastCreatedCallRequest": {
      "required": [
        "id",
        "status"
      ],
      "type": "object",
      "properties": {
        "id": {
          "type": "string"
        },
        "status": {
          "type": "string",
          "enum": [
            "CREATED",
            "COMPLETED",
            "DECLINED",
            "CANCELLED"
          ]
        },
        "reason": {
          "type": "string"
        },
        "createdDate": {
          "type": "string",
          "format": "date-time"
        },
        "requestTime": {
          "type": "string",
          "format": "date-time"
        },
        "requestResolutionTime": {
          "type": "string",
          "format": "date-time"
        },
        "resolutionComment": {
          "type": "string"
        }
      }
    },
    "isDoctor": {
      "type": "boolean"
    }
  },
  "additionalProperties": false,
  "required": [
    "id",
    "contactTitle",
    "contactName",
    "phoneNumber",
    "description",
    "contactAvailableTimeSlots",
    "contactTimeZone",
    "lastCreatedCallRequest",
    "isDoctor"
  ]
}