{
  "id": "UserPreferencesDto",
  "type": "object",
  "properties": {
    "communicationTypes": {
      "type": "array",
      "items": {
        "type": "string",
        "enum": [
          "PLATFORM_APPLICATION",
          "EMAIL"
        ]
      }
    },
    "reminderTimeoutsInSec": {
      "type": "array",
      "items": {
        "type": "integer",
        "format": "int32"
      }
    },
    "unitByAttribute": {
      "type": "object",
      "additionalProperties": {
        "type": "string",
        "enum": [
          "CELSIUS_DEGREE",
          "FAHRENHEIT_DEGREE",
          "BEATS_PER_MINUTE",
          "MILLIMETRE_OF_MERCURY",
          "PASCALS"
        ]
      }
    },
    "instantNotification": {
      "type": "boolean"
    },
    "notificationTimeSlots": {
      "type": "array",
      "items": {
        "type": "object",
        "properties": {
          "start": {
            "type": "string"
          },
          "end": {
            "type": "string"
          }
        }
      }
    },
    "notificationTimeSlotIndex": {
      "type": "integer",
      "format": "int32"
    },
    "appointmentTypes": {
      "type": "array",
      "items": {
        "type": "string",
        "enum": [
          "IN_PERSON",
          "VIDEO",
          "PHONE",
          "AS_DEFINED_BY_DOCTOR"
        ]
      }
    },
    "appointmentTypesIndex": {
      "type": "integer",
      "format": "int32"
    },
    "timeZone": {
      "type": "string"
    },
    "deviceHardware": {
      "type": "string"
    },
    "deviceSoftware": {
      "type": "string"
    }
  },
  "additionalProperties": false,
  "required": [
    "communicationTypes",
    "reminderTimeoutsInSec",
    "unitByAttribute",
    "instantNotification",
    "notificationTimeSlots",
    "notificationTimeSlotIndex",
    "appointmentTypes",
    "appointmentTypesIndex",
    "timeZone",
    "deviceHardware",
    "deviceSoftware"
  ]
}