{
  "project_info": {
    "project_number": "127869182050",
    "firebase_url": "https://telehealth-alerts.firebaseio.com",
    "project_id": "telehealth-alerts",
    "storage_bucket": "telehealth-alerts.appspot.com"
  },
  "client": [
    {
      "client_info": {
        "mobilesdk_app_id": "1:127869182050:android:9607f0a474388009daf13b",
        "android_client_info": {
          "package_name": "com.gentvactmobile"
        }
      },
      "oauth_client": [
        {
          "client_id": "127869182050-4380cjf67542g2dhf1if14h5l99bpqhd.apps.googleusercontent.com",
          "client_type": 3
        }
      ],
      "api_key": [
        {
          "current_key": "AIzaSyBop90rMA7XpRrIhBshDXirnLPDrHBi6Ys"
        }
      ],
      "services": {
        "appinvite_service": {
          "other_platform_oauth_client": [
            {
              "client_id": "127869182050-4380cjf67542g2dhf1if14h5l99bpqhd.apps.googleusercontent.com",
              "client_type": 3
            }
          ]
        }
      }
    }
  ],
  "configuration_version": "1"
}
